ID	
0	Kimbra	l	Kissel	5um2x	ldvf8@gmail.com	Kimbra l Kissel		Kimbral	8710872741		
1	Julie	y	Rediger	ewwrv	lif0s@gmail.com	Julie y Rediger		Juliey	9592581480		
2	Daisy	y	Cade	dydjh	dsww2@gmail.com	Daisy y Cade		Daisyy	9930258765		
3	Irma	i	Ross	eww96	712pf@gmail.com	Irma i Ross		Irmai	3263888598		
4	Kimberly	p	Williamson	4r4wk	sw636@gmail.com	Kimberly p Williamson		Kimberlyp	9145513998		
5	Wanda	i	Navarro	vne0r	l55i6@gmail.com	Wanda i Navarro		Wandai	4884524891		
6	Emma	e	Leclair	mw5es	uwpfw@gmail.com	Emma e Leclair		Emmae	8851763057		
7	Louise	b	Figueroa	t2fks	89yhj@gmail.com	Louise b Figueroa		Louiseb	1397107551		
8	Lisa	p	Werkhoven	ankpv	hihv8@gmail.com	Lisa p Werkhoven		Lisap	1331099966		
9	Carolyn	x	Ryder	oi6ni	kzmzh@gmail.com	Carolyn x Ryder		Carolynx	0753567581		
0	Dusty	v	Beltron	yf5wp	lhbto@gmail.com	Dusty v Beltron		Dustyv	7521974540		
1	Catherine	t	Jones	4zxwv	g84eg@gmail.com	Catherine t Jones		Catherinet	5671847518		
2	Amy	h	Piccolomini	hokyk	0b0jr@gmail.com	Amy h Piccolomini		Amyh	7722404255		
3	Alicia	g	Gildea	ejzoy	gh70h@gmail.com	Alicia g Gildea		Aliciag	1813447334		
4	Violet	h	Nicholas	xfwyb	scqwj@gmail.com	Violet h Nicholas		Violeth	6139695595		
5	Melissa	k	Powell	us7si	jf6j4@gmail.com	Melissa k Powell		Melissak	4308222495		
6	Jennifer	h	Hilderbrandt	3jasz	j1fg8@gmail.com	Jennifer h Hilderbrandt		Jenniferh	9112015000		
7	Donna	b	Carmant	4mxs7	etl1p@gmail.com	Donna b Carmant		Donnab	0175437755		
8	Edna	i	West	nfkfr	7jl2g@gmail.com	Edna i West		Ednai	1857661294		
9	Shannan	q	Huelse	lo3le	8df3x@gmail.com	Shannan q Huelse		Shannanq	2841923059		
0	Lisa	i	Siwiec	dd4h3	r9nj4@gmail.com	Lisa i Siwiec		Lisai	1550914864		
1	Carole	c	Gumbs	i25kc	57j0o@gmail.com	Carole c Gumbs		Carolec	2489132208		
2	Joanne	v	Maldonado	713i9	7noc6@gmail.com	Joanne v Maldonado		Joannev	6394304310		
3	Peggy	t	Sellers	ehpga	ufmio@gmail.com	Peggy t Sellers		Peggyt	0312141883		
4	Pamela	p	Nelson	7uex2	efl9g@gmail.com	Pamela p Nelson		Pamelap	0306044979		
5	Cassandra	g	Parsons	k9cer	kk28a@gmail.com	Cassandra g Parsons		Cassandrag	3458609989		
6	Jessica	i	Nichols	v35hb	s5oqt@gmail.com	Jessica i Nichols		Jessicai	5995489668		
7	Noemi	c	Toman	1il7l	67qli@gmail.com	Noemi c Toman		Noemic	5875281804		
8	Alexis	o	Lawrence	8hpj7	2wcfq@gmail.com	Alexis o Lawrence		Alexiso	7761166552		
9	Rhonda	a	Gonzalez	1j8zd	gt3v9@gmail.com	Rhonda a Gonzalez		Rhondaa	4000660925		
0	Suzanne	z	Foote	zc7ap	gc40c@gmail.com	Suzanne z Foote		Suzannez	6274019235		
1	Sheree	j	Kwan	x38gs	e8zlq@gmail.com	Sheree j Kwan		Shereej	5086021249		
2	Connie	y	Vonbraunsberg	tq5n2	t0pup@gmail.com	Connie y Vonbraunsberg		Conniey	1599629815		
3	Eleanor	q	Brown	om5ya	s6av1@gmail.com	Eleanor q Brown		Eleanorq	5916032442		
4	Florence	m	Milosevic	dxa86	ul7y5@gmail.com	Florence m Milosevic		Florencem	0434080265		
5	Janet	e	Lewis	llxk8	g998h@gmail.com	Janet e Lewis		Janete	1003714643		
6	Lettie	l	Medley	29z2l	pk2f8@gmail.com	Lettie l Medley		Lettiel	2665065324		
7	Maria	c	Kincaid	u3b6g	3iazc@gmail.com	Maria c Kincaid		Mariac	4872079774		
8	Mary	v	Cohn	hqly0	m03as@gmail.com	Mary v Cohn		Maryv	2747891850		
9	Dana	w	Everts	504co	ivvlc@gmail.com	Dana w Everts		Danaw	6138224980		
0	Tina	b	Lee	3j9eq	s9qr9@gmail.com	Tina b Lee		Tinab	4778283769		
1	Mary	r	Sykes	5gaz4	uz36m@gmail.com	Mary r Sykes		Maryr	9271401969		
2	Angela	f	Harper	04en4	5e1tw@gmail.com	Angela f Harper		Angelaf	3735787278		
3	Vivian	c	Hodges	fhs15	4mj8h@gmail.com	Vivian c Hodges		Vivianc	0066204022		
4	Loretta	g	Guardipee	5gif1	7q3og@gmail.com	Loretta g Guardipee		Lorettag	3305848202		
5	Deborah	e	Macdonald	74mwy	76nwj@gmail.com	Deborah e Macdonald		Deborahe	6542702064		
6	Penny	s	Goodson	5c7kx	s8cuw@gmail.com	Penny s Goodson		Pennys	1371243609		
7	Lucile	q	Betterton	xovqt	5ejkm@gmail.com	Lucile q Betterton		Lucileq	5820836755		
8	Sarah	x	Gaddis	yfc2e	8jmy5@gmail.com	Sarah x Gaddis		Sarahx	9774494261		
9	Judith	z	Mcgill	uzdzw	f9yby@gmail.com	Judith z Mcgill		Judithz	2077010044		
0	Kelly	a	Baxter	hki2t	7ljmv@gmail.com	Kelly a Baxter		Kellya	4971278174		
1	Agnes	k	Schultz	ewvm7	pt5nu@gmail.com	Agnes k Schultz		Agnesk	8461906994		
2	Dorothy	s	Horrigan	zsdar	ia11x@gmail.com	Dorothy s Horrigan		Dorothys	2952713595		
3	Lorna	e	Sanchez	eds68	q5mo0@gmail.com	Lorna e Sanchez		Lornae	7824595209		
4	Anna	j	Laborde	5uurk	kwfzl@gmail.com	Anna j Laborde		Annaj	2949159845		
5	Dorie	s	Harkins	gp9y6	tykrg@gmail.com	Dorie s Harkins		Dories	1363653533		
6	Wanda	e	Gualtieri	zso8j	ohxnh@gmail.com	Wanda e Gualtieri		Wandae	7508114390		
7	Pam	d	Huslander	m5r3x	myg04@gmail.com	Pam d Huslander		Pamd	9762340757		
8	Cynthia	d	Wilson	1yck6	7h8yd@gmail.com	Cynthia d Wilson		Cynthiad	5586970443		
9	Hope	z	Phillips	hnvtp	d035v@gmail.com	Hope z Phillips		Hopez	8747696983		
0	Elizabeth	n	Mcdonald	fxqlp	po5xp@gmail.com	Elizabeth n Mcdonald		Elizabethn	2591131723		
1	Rebecca	e	Hudson	cj62g	d2u1c@gmail.com	Rebecca e Hudson		Rebeccae	4317404177		
2	Jennifer	s	Mcneill	2ibfm	5qdvm@gmail.com	Jennifer s Mcneill		Jennifers	5963966707		
3	Joan	t	Francis	1d2us	m6cr9@gmail.com	Joan t Francis		Joant	8211972510		
4	Milissa	j	Best	r8gwx	7adh9@gmail.com	Milissa j Best		Milissaj	1475376259		
5	Elizabeth	t	Taylor	lk69m	95i7z@gmail.com	Elizabeth t Taylor		Elizabetht	0962517508		
6	Holly	s	Robinson	bsd4d	kkcns@gmail.com	Holly s Robinson		Hollys	4564878647		
7	Theresa	g	Irwin	njuas	ddvsw@gmail.com	Theresa g Irwin		Theresag	0432505773		
8	Lauren	o	Leffew	mf29l	8vrsm@gmail.com	Lauren o Leffew		Laureno	7354601550		
9	Kimberly	i	Parker	nqk8l	omc0m@gmail.com	Kimberly i Parker		Kimberlyi	4058651597		
0	Lillian	g	Vancleave	27toe	i8y3p@gmail.com	Lillian g Vancleave		Lilliang	5647938538		
1	Margaret	o	Landi	xkd1e	ghnrz@gmail.com	Margaret o Landi		Margareto	4533006283		
2	Lucille	o	Kesler	wf0gv	06g2m@gmail.com	Lucille o Kesler		Lucilleo	3316289010		
3	Dawn	l	Rice	441wy	lx9p9@gmail.com	Dawn l Rice		Dawnl	2284570755		
4	Maria	g	Salido	yu45d	exhlc@gmail.com	Maria g Salido		Mariag	3062701912		
5	Mary	i	Mcdowell	92plf	13kqa@gmail.com	Mary i Mcdowell		Maryi	7891455714		
6	Virginia	m	Bowley	nfser	xayem@gmail.com	Virginia m Bowley		Virginiam	5909638155		
7	Cynthia	k	Brown	bru5b	uh57d@gmail.com	Cynthia k Brown		Cynthiak	0258849804		
8	Frances	j	Rhoades	z0b4v	kwydc@gmail.com	Frances j Rhoades		Francesj	6778743983		
9	Elva	d	Myers	3s2g2	nk9an@gmail.com	Elva d Myers		Elvad	1022169408		
0	Rhonda	r	David	vf8c1	zl3h2@gmail.com	Rhonda r David		Rhondar	6602669481		
1	Mary	z	Helms	s1kqa	vbu81@gmail.com	Mary z Helms		Maryz	3322763000		
2	Zoila	j	Roe	euwdw	5z1a8@gmail.com	Zoila j Roe		Zoilaj	7522275973		
3	Julie	s	Lillis	66t7m	xbg1u@gmail.com	Julie s Lillis		Julies	6560151781		
4	Loretta	y	Gonzalez	663m3	f28rl@gmail.com	Loretta y Gonzalez		Lorettay	8975296661		
5	Marie	f	Switzer	h9cdj	oala1@gmail.com	Marie f Switzer		Marief	7123413709		
6	Danielle	q	Moffat	eovkl	0gz7x@gmail.com	Danielle q Moffat		Danielleq	7804923188		
7	Lisa	c	Fields	l6qq4	q0z4g@gmail.com	Lisa c Fields		Lisac	7118813282		
8	Norma	a	Hallack	cmfo3	jmtwz@gmail.com	Norma a Hallack		Normaa	4486481560		
9	Cecelia	m	Myers	xbugz	qk8ho@gmail.com	Cecelia m Myers		Ceceliam	2162426260		
0	Misty	w	Keri	s0pt8	6x0on@gmail.com	Misty w Keri		Mistyw	0636126312		
1	Nellie	y	Hartley	8kc6f	9z25b@gmail.com	Nellie y Hartley		Nelliey	8710374543		
2	Sophia	i	Pettis	qk3be	dbhjl@gmail.com	Sophia i Pettis		Sophiai	4904964870		
3	Christine	t	Lastrapes	3jerp	e834l@gmail.com	Christine t Lastrapes		Christinet	1436832266		
4	Lena	e	Colantuono	d7s75	ovq5q@gmail.com	Lena e Colantuono		Lenae	3431638204		
5	Kristin	o	Miller	sykbw	n1moe@gmail.com	Kristin o Miller		Kristino	8158643918		
6	Nancy	j	Santiago	siuhv	1jlo9@gmail.com	Nancy j Santiago		Nancyj	9858105855		
7	Shannon	p	Burgess	nw1ug	h9md7@gmail.com	Shannon p Burgess		Shannonp	7054882042		
8	Barbara	j	Guyer	sdduh	m1l2q@gmail.com	Barbara j Guyer		Barbaraj	0390665797		
9	Elaine	v	Gouty	84ggw	z3iss@gmail.com	Elaine v Gouty		Elainev	8037181713		
